id,author,title
1,Carri,Mike Tyson:  Undisputed Truth
2,Guenevere,Marked for Death
3,Daveen,Clerks
4,Madelyn,Let My Puppets Come
5,Tammie,Sunlight Jr.
6,Brock,"Tom, Dick and Harry"
7,Venita,"Incredible Melting Man, The"
8,Esra,"Other Side of Heaven, The"
9,Quill,PK
10,Flo,Welcome to Australia
11,Deeanne,Dirty Sanchez: The Movie
12,Rutledge,Hack!
13,Phoebe,Mad Dogs & Englishmen
14,Sonnnie,Tasting Menu
15,Norbie,Crime Wave
16,Phillipp,"Sound of Thunder, A"
17,Bree,Bad Boys
18,Laure,"Beaches of Agnes, The (Plages d'Agnès, Les)"
19,Hashim,1900 (Novecento)
20,Reinhard,Al Franken: God Spoke
21,Othella,The Humanoid
22,Ariela,Spring Breakers
23,Hershel,Thunder Bay
24,Humfried,The Wild Bunch: An Album in Montage
25,Huntley,How to Stop Being a Loser
26,Tommy,Thunderball
27,Blondy,Judas Kiss
28,Bellanca,Army Brats (Schatjes!)
29,Dollie,Seduced and Abandoned
30,Koral,Slap Shot 2: Breaking the Ice
31,Wang,G@me
32,Joela,"Midsummer Night's Dream, A"
33,Brod,"Alligator People, The"
34,Gwynne,"Last Time I Saw Archie, The"
35,Trudie,Cialo
36,Merwyn,Presto
37,Doreen,Picnic at Hanging Rock
38,Raine,"Brotherhood of Justice, The"
39,Maryl,Juvenile Court
40,Olenolin,Raid
41,Selby,La Soufrière - Warten auf eine unausweichliche Katastrophe
42,Herold,Storm Warning
43,Darn,Chained for Life
44,Nehemiah,What If... (An...)
45,Garth,"New Daughter, The"
46,Kleon,Two-Minute Warning
47,Orsa,Act Da Fool
48,Tony,"Man from Elysian Fields, The"
49,Cassey,Kagerô-za
50,Karlyn,"Mother, I Love You"
51,Moise,"Pyramid of Triboulet, The (La pyramide de Triboulet)"
52,Lisabeth,Wise Blood
53,Kelci,Howl
54,Cathy,Ghoulies IV
55,Rafaello,"Bolero (Uns et les autres, Les)"
56,Sonny,Nicholas and Alexandra
57,Birch,Funny About Love
58,Emmery,Mannequin 2: On the Move
59,Welch,"Seeker: The Dark Is Rising, The"
60,Sherill,Skidoo
61,Matteo,"Time That Remains, The"
62,Renard,Call Me Kuchu
63,Timothy,Dilwale Dulhania Le Jayenge
64,Mick,Kissing Jessica Stein
65,Kelsey,Carriage to Vienna
66,Helena,"Civil War, The"
67,Emmit,Scrooged
68,Jeromy,Matewan
69,Ginger,Extremely Loud and Incredibly Close
70,Stearne,The Snow Woman
71,Nikolaos,"After Dark, My Sweet"
72,Ciel,"Quest for Fire (Guerre du feu, La)"
73,Fancy,Ants in the Pants 2
74,Nerta,Goya: Crazy Like a Genius
75,Clem,They
76,Clint,A Cinderella Story: Once Upon a Song
77,Rock,"Neighbor, The"
78,Bunny,Bhutto
79,Ker,Port of Shadows (Quai des brumes)
80,Laurice,"Informer, The"
81,Reinald,"Soldier's Sweetheart, A"
82,Alain,George Washington Slept Here
83,Nikola,Romantics Anonymous (Les émotifs anonymes)
84,Ludovika,Mister Roberts
85,Hilly,Mahjong (Ma jiang)
86,Issy,Magnificent Bodyguards (Fei du juan yun shan)
87,Cosmo,Terumae romae (Thermae Romae)
88,Beatrix,"Mechanic, The"
89,Erik,Choking Man
90,Agosto,Paradise
91,Alma,"Saphead, The"
92,Correna,"Bannen Way, The"
93,Linc,8 Heads in a Duffel Bag
94,Maria,"Stunt Man, The"
95,Kipp,Dial M for Murder
96,Bethanne,Me & Isaac Newton
97,Ramsey,Tell Me and I Will Forget
98,Ulrike,Six Shooter
99,Malissa,Triage
100,Beilul,My Friend Irma Goes West
101,Rosamond,Urban Legends: Bloody Mary
102,Karim,Akira Kurosawa's Dreams (Dreams)
103,Derry,Marlowe
104,Pauline,"Yank in the R.A.F., A"
105,Shandie,Sideways
106,Shepperd,I Knew It Was You: Rediscovering John Cazale
107,Pepi,Eccentricities of a Blonde-haired Girl (Singularidades de uma Rapariga Loura)
108,Sigfrid,Honey (Miele)
109,Carlynn,"Secret, The"
110,Danice,Deadly Blessing
111,Meghan,Hereafter
112,Samaria,True Legend (Su Qi-Er)
113,Jessalyn,Dry Summer (Susuz yaz) (Reflections)
114,Elicia,Band of the Hand
115,Willis,Seance (Kôrei)
116,Jasen,Aqua Teen Hunger Force Colon Movie Film for Theaters
117,Odelinda,Love Is All You Need (Den skaldede frisør)
118,Edita,Ghost in the Shell 2: Innocence (a.k.a. Innocence) (Inosensu)
119,Mil,"Book of Fate, The (Kohtalon kirja)"
120,Minda,Glee: The 3D Concert Movie
121,Blake,Six-String Samurai
122,Ferdinand,"Cheap Detective, The"
123,Ossie,Dracula
124,Jefferey,Young Guns
125,Klaus,"Sitter, The"
126,Aldric,Dracula A.D. 1972
127,Westbrook,Bigger Than Life
128,Lorrie,Heavens Fall
129,Mair,Star Wars Uncut: Director's Cut
130,Valma,Miracle at Oxford (True Blue)
131,Jenni,A.K.A. Don Bonus
132,Carmela,"Jericho Mile, The"
133,Inna,"Last Flight of Noah's Ark, The"
134,Cristie,Ten Skies
135,Darnall,Black Lightning (Chernaya Molniya)
136,Leora,Six Ways to Sunday
137,Magnum,Beneath the Planet of the Apes
138,Noella,Apollo 13: To the Edge and Back
139,Granger,The Inhabited Island
140,Bette-ann,Bionicle 2: Legends of Metru Nui
141,Shayne,"Phantom of Liberty, The (Fantôme de la liberté, Le)"
142,Emeline,Going to Kansas City
143,Cob,Old San Francisco
144,Stanislaw,In the Loop
145,Tonye,Herb & Dorothy
146,Jephthah,"Return of Doctor X, The"
147,Felicia,Johnny Was
148,Elizabeth,Defenseless
149,Yves,"Sleeping Dictionary, The"
150,Horten,Vengeance: The Story of Tony Cimo
151,Bobbye,King of the Zombies
152,Saunder,"Valet, The (La doublure)"
153,Jerrome,All Is Forgiven (Tout est pardonné)
154,Barbie,Forget Me Not
155,Letizia,Troma's War 
156,Feodora,100 Years at the Movies
157,Margo,Cry_Wolf (a.k.a. Cry Wolf)
158,Kain,My Wife Is a Gangster (Jopog manura)
159,Betti,Budz House
160,Ethelin,Walking With Dinosaurs
161,Jemmie,The Cheat
162,Verine,Vacation from Marriage
163,Gaylene,Slaughterhouse
164,Tedmund,"Strange Door, The"
165,Jay,47 Ronin
166,Rurik,Bad Medicine
167,Melesa,"Year of Living Dangerously, The"
168,Baillie,Teacher's Pet
169,Deane,The Four Feathers
170,Theressa,"Amazing Transparent Man, The"
171,Orelle,Weddings and Babies 
172,Ives,Two Can Play That Game
173,Uri,Cat People
174,Delmer,Secret Society
175,Eldridge,Northern Lights
176,Kamillah,"Trojan Women, The"
177,Barbie,Another Woman
178,Elfie,Lower City (Cidade Baixa)
179,Honoria,Nobody Owns Me (Mig äger ingen)
180,Winne,Cleaner
181,Lowell,Addicted to Love
182,Ninetta,"Wild Bunch, The"
183,Consuela,"Beast with a Million Eyes, The"
184,Marc,"Cross of Lorraine, The"
185,Dario,Idiots and Angels
186,Carlota,Bizarre
187,Mathilde,Palme
188,Murial,Wedding Daze
189,Ferdy,Plymouth Adventure
190,Orsa,Resurrecting the Street Walker
191,Arnold,"Wind and the Lion, The"
192,Duffy,Ladies in Lavender
193,Marcel,Two Girls and a Sailor
194,Donaugh,Uprising
195,Shanon,"Bloody Child, The"
196,Kizzee,Ten Canoes
197,Isacco,Chainsaw Maid
198,Pier,"Beastmaster, The"
199,Hillary,Killer Movie
200,Caldwell,Over Her Dead Body
201,Joceline,Goodbye to All That
202,Darcy,G.I. Joe: The Movie
203,Rosabel,Maîtresse (Mistress)
204,Ortensia,Paper Planes
205,Fax,"Last Days, The"
206,Kerby,Ski Patrol
207,Silvain,All Is Lost
208,Mahmud,Clockwatchers
209,Ozzy,Hawaii
210,Claire,Man of Iron (Czlowiek z Zelaza)
211,Shana,"Wild Horse, Wild Ride"
212,Didi,Educating Rita
213,Cob,"Iron Rose, The (Rose de fer, La)"
214,Tildi,Jin Roh: The Wolf Brigade (Jin-Rô)
215,Ailsun,Gone
216,Arny,Evil Dead II (Dead by Dawn)
217,Barbe,35 Shots of Rum (35 rhums)
218,Ariel,Kings of the Road (Im Lauf der Zeit)
219,Dacey,Howling II: Your Sister Is a Werewolf
220,Spense,Zatoichi on the Road (Zatôichi kenka-tabi) (Zatôichi 5)
221,Araldo,"Key, The"
222,Godfry,It Happened Tomorrow
223,Dolf,Samsara
224,Katleen,Captain America: The First Avenger
225,Meredeth,Pajama Party
226,Tonnie,C.H.U.D.
227,Jodi,America the Beautiful 
228,Claudette,Nevada Smith
229,Edyth,Three Outlaw Samurai (Sanbiki no samurai)
230,Siegfried,Siberia
231,Abe,Chapter 27
232,Ewart,Begin Again
233,Lionel,Stefano Quantestorie
234,Allegra,American Virgin
235,Jasper,"Disappeared, The"
236,Wynne,Debtocracy
237,Rowland,"Good Old Fashioned Orgy, A"
238,Agata,Stealing Harvard
239,Maximo,"Human Condition III, The (Ningen no joken III)"
240,Duke,Star Trek: Generations
241,Rebeka,"Slender Thread, The"
242,Early,L.I.E.
243,Matthias,"Yearling, The"
244,Janos,3rd World Hero (Bayaning Third World)
245,Rica,Grave Halloween
246,Junina,"King and the Mockingbird, The (Le roi et l'oiseau)"
247,Kalinda,Good Vibrations
248,Dannie,United States of Secrets (Part One): The Program
249,Gerda,"Peanut Butter Solution, The"
250,Jill,Synchromy
251,Lowrance,"Spiral Staircase, The"
252,Rickie,The Fox and the Hare
253,Allsun,Tupac: Resurrection
254,Novelia,Cool as Ice
255,Raimondo,Four Eyes and Six-Guns
256,Krystyna,"Inheritance, The (Arven)"
257,Tony,Bitter Rice (Riso amaro)
258,Sherlock,"Babysitters, The"
259,Marcos,Raw Deal
260,Claudianus,Blood Done Sign My Name
261,Catharina,"Painting, The (Tableau, Le)"
262,Nadine,Monster
263,Auberon,"House of the Dead, The"
264,Mariellen,"Beekeeper, The (O melissokomos)"
265,Nertie,I Do: How to Get Married and Stay Single (Prête-moi ta main)
266,Trixie,"Boat, The"
267,Dela,"Las Vegas Story, The"
268,Bernarr,Cookie
269,Gardner,Battle Cry
270,Garald,En på miljonen
271,Glenn,"War of the Gargantuas, The (Furankenshutain no kaijû: Sanda tai Gaira)"
272,Faith,All American Orgy (Cummings Farm)
273,Nola,Babes in Arms
274,Minetta,I Can't Think Straight
275,Alina,"Saga of Gosta Berling, The (Gösta Berlings saga)"
276,Pavel,"Consequences of Love, The (Conseguenze dell'amore, Le)"
277,Gil,Design for Scandal
278,Desiri,Slither
279,Barthel,Quo Vadis
280,Cordula,By the Bluest of Seas (U samogo sinego morya)
281,Guido,"Three Musketeers, The"
282,Kris,Time of the Gypsies (Dom za vesanje)
283,Bevvy,Kiss the Bride
284,Jone,Head Over Heels (De Pernas pro Ar)
285,Cami,Gervaise
286,Merridie,Crime Zone
287,Jennine,"Opportunists, The"
288,Hersch,"Breed, The"
289,Vilma,1776
290,Sephira,Generation Um...
291,Stepha,It's Good to Be Alive
292,Early,To the Wonder
293,Elizabet,Jesus liebt mich
294,Sisile,Howling IV: The Original Nightmare
295,Brock,Sukiyaki Western Django
296,Wandis,The Woodcarver
297,Tracee,"Statue of Liberty, The"
298,Currie,Patience (After Sebald)
299,Charyl,"Gospel According to St. Matthew, The (Vangelo secondo Matteo, Il)"
300,Maureene,Saturday Night and Sunday Morning
301,Oralla,"One, The"
302,Ingemar,Booty Call
303,Nial,Cool Air
304,Teresita,Bad Santa
305,Jordain,I Live My Life
306,Baudoin,House of Wax
307,Meade,Evelyn Prentice
308,Umeko,"Statement, The"
309,Avrom,Richie Rich
310,Dalston,Praise
311,Luci,"Coast Guard, The (Hae anseon)"
312,Josephina,Snipes
313,Geralda,Afflicted
314,Mikel,Babbitt
315,Gardy,Abelar: Tales of an Ancient Empire (Tales of an Ancient Empire)
316,Frederick,Kozara
317,Ted,Downhill
318,Rodi,Mahjong (Ma jiang)
319,Gregory,"Ranma ½: Big Trouble in Nekonron, China (Ranma ½: Chûgoku Nekonron daikessen! Okite yaburi no gekitô hen)"
320,Wrennie,Fifty Shades of Grey
321,Abbie,Dr. Giggles
322,Helenka,"Not for or Against (Quite the Contrary) (Ni pour, ni contre (bien au contraire))"
323,Filberto,"Cat Returns, The (Neko no ongaeshi)"
324,Steffen,Misery
325,Aldous,From Zero to Hero
326,Alix,Julie Johnson
327,Rickie,Jabberwocky
328,Allin,"Dancing Masters, The"
329,Susana,Runaway
330,Jaquith,Trust Me
331,Lilli,Top Gun
332,Mercy,If You Could See What I Hear
333,Elston,Swimfan
334,Percy,Tepenin Ardi
335,Lorelei,"Don't Worry, I'm Fine (Je vais bien, ne t'en fais pas)"
336,Marlon,Zouzou
337,Tine,Linotype: The Film
338,Zebulon,Frisk
339,Lyndell,"Trio, The (Trio, Das)"
340,Lowe,Fighter
341,Clara,Breaking the Waves
342,Miller,"Andalusian Dog, An (Chien andalou, Un)"
343,Mel,Teaching Mrs. Tingle
344,Maxy,Once a Thief (Zong heng si hai)
345,Vladamir,Russell Peters: Outsourced
346,Wiatt,Martin Lawrence: You So Crazy
347,Marlo,Russell Peters: Outsourced
348,Herculie,Chillers
349,Rudy,"Peace, Love & Misunderstanding"
350,Sawyer,Orgy of the Dead
351,Cull,"Profession of Arms, The (Il mestiere delle armi)"
352,Bird,"Innocents, The"
353,Crissy,Bad Johnson
354,Chance,"Temptress, The"
355,Ingelbert,Fuel
356,Jarred,"Yes Men Fix the World, The"
357,Norma,Kal Ho Naa Ho
358,Heinrick,Going All the Way
359,Oswald,WALL·E
360,Pepi,Guardian Angel
361,Alexandros,"Midnight (Primeiro Dia, O)"
362,Dmitri,"Soul of a Man, The"
363,Aubrey,Walt & El Grupo
364,Priscella,"Simpsons Movie, The"
365,Ambros,Bad Eggs
366,Merlina,Keoma
367,Tersina,"House of Mirth, The"
368,Irita,"America, America"
369,Brannon,Napoleon
370,Debor,Three Fugitives
371,Elfrida,"Rich Man's Wife, The"
372,Ennis,Carmen
373,Kiri,Hanging Up
374,Verile,"Clock, The"
375,Mead,Boys' Night Out
376,Sherline,Color Me Blood Red
377,Nickolai,Charm School (Niñas mal)
378,Graig,Step Brothers
379,Alyse,Jacques Brel Is Alive and Well and Living in Paris
380,Dale,You Are So Beautiful (Je vous trouve très beau)
381,Rori,Rusalochka (The Little Mermaid)
382,Kora,Street Thief
383,Cordula,Schwestern
384,Laural,"Marine Story, A"
385,Stephani,Spring Break
386,Luci,Stray Cat Rock: Delinquent Girl Boss (Nora-neko rokku: Onna banchô)
387,Bill,Unlawful Killing
388,Winnie,Daffy Duck's Quackbusters
389,Darill,Scooby-Doo 2: Monsters Unleashed
390,Avram,Pinocchio
391,Mozes,Spooky House
392,Randolph,Princess Mononoke (Mononoke-hime)
393,Abby,"Given Word, The (O Pagador de Promessas)"
394,Gunilla,No Good Deed (a.k.a. The House on Turk Street)
395,Fitzgerald,Moon Over Parador
396,Obed,Rockaway
397,Donnajean,"Last Days on Mars, The"
398,Patrica,Flowers in the Attic
399,Lula,X Games 3D: The Movie
400,Guillemette,Beautiful Boy
401,Maurita,"Velocity of Gary, The"
402,Wilhelm,Blind Horizon
403,Candra,The World Forgotten
404,Rene,"Master, The (Huang Fei Hong jiu er zhi long xing tian xia)"
405,Dion,"Dudesons Movie, The"
406,Bard,Louis C.K.: Chewed Up
407,Rici,Murmur of the Heart (Le souffle au coeur)
408,Lek,Ghost in the Shell (Kôkaku kidôtai)
409,Lindsay,"Living Desert, The"
410,Nickolas,"Geographer Drank His Globe Away, The (Geograf globus propil)"
411,Fleur,Action Jackson
412,Paquito,Cry 'Havoc'
413,Ellery,Code of Silence
414,Harlie,"Gate, The"
415,Job,Gigante
416,Natale,Never Say Never Again
417,Stavro,The Vengeance of Fu Manchu
418,Ben,Daniel Deronda
419,Derk,"Bone Man, The (Der Knochenmann)"
420,Mellisent,Bloodsuckers
421,Zarah,Zatoichi and the Chest of Gold (Zatôichi senryô-kubi) (Zatôichi 6)
422,Westbrooke,Out California Way
423,Vivienne,"Golem, The (Golem, wie er in die Welt kam, Der)"
424,Sasha,All I Want (Try Seventeen)
425,Jorry,Road Trip: Beer Pong
426,Aurora,"RKO Production 601: The Making of 'Kong, the Eighth Wonder of the World'"
427,Agneta,Dave Attell: Captain Miserable
428,Corenda,Bestseller (Be-seu-teu-sel-leo)
429,Rosie,George Harrison: Living in the Material World
430,Yorker,Stockholm East (Stockholm Östra)
431,Paton,"Young and the Damned, The (Olvidados, Los)"
432,Koral,Palms (Ladoni)
433,Aurlie,Magnificent Bodyguards (Fei du juan yun shan)
434,Antony,Orpheus (Orphée)
435,Rog,I Know What I Saw
436,Maitilde,"Next Step, The"
437,Antone,"Vernon, Florida"
438,Lida,Dangerous
439,Danya,"Force of One, A"
440,Angelina,Whity
441,Mindy,Streets of Fire
442,Arliene,3 Women (Three Women)
443,Kareem,Black Angel
444,Deloris,Crumb
445,Stacey,"Family Friend, The (L'amico di famiglia)"
446,Ossie,Babes in Toyland
447,Florri,Analyze That
448,Fritz,King Arthur
449,Giorgi,Our Curse
450,Mendel,Jellyfish (Meduzot)
451,Doy,"Manxman, The"
452,Annalise,City Slickers II: The Legend of Curly's Gold
453,Rhett,Kids of Survival
454,Tierney,Katt Williams: The Pimp Chronicles Pt. 1
455,Ransell,"Incredible Mr. Limpet, The"
456,Valentin,"Killing Floor, The"
457,Saree,"Haunted House, A"
458,Ruben,Heat
459,Ketti,Flower & Garnet
460,Farr,Gambit
461,Ailbert,American Psycho
462,Emmalynne,Stella Does Tricks
463,Debbie,Last Days in Vietnam
464,Barbie,The Universe of Keith Haring
465,Rhetta,Darby O'Gill and the Little People
466,Adrianna,Panic
467,Mohammed,Who Pulled the Plug? (Göta kanal eller Vem drog ur proppen?)
468,Anson,"Play House, The"
469,Ardeen,TMNT (Teenage Mutant Ninja Turtles)
470,Niko,"Shadow Riders, The"
471,Bent,Latcho Drom
472,Jordan,Big Fella
473,Wallie,Suicide Room
474,Bink,"Very Harold & Kumar 3D Christmas, A"
475,Madelina,"Last Movie, The"
476,Berty,"Ten Commandments, The"
477,Izabel,I Am You (In Her Skin)
478,Eba,"Erased (Expatriate, The)"
479,Whitby,Air Guitar Nation
480,Riccardo,"Hard Corps, The"
481,Pollyanna,Swamp Water
482,Ambur,Singin' in the Rain
483,Fabe,Target
484,Larry,Red Tails
485,Guglielma,Passion
486,Ann-marie,CrissCross
487,Lorita,Lad: A Dog
488,Kimble,"World Moves On, The"
489,Annissa,Anything Else
490,Raimund,Sins of My Father
491,Horacio,Where Were You When the Lights Went Out?
492,Marlena,Key Largo
493,Cyrille,Gangs of New York
494,Torin,Blind Beast (Môjuu)
495,Dulcy,Kazaam
496,Ramonda,Mr. Wrong
497,Hernando,The Odyssey
498,Renado,Lawyer Man
499,Loren,Terminator 3: Rise of the Machines
500,Leonhard,Shakedown
501,Rhea,Ashes of Time (Dung che sai duk)
502,Tyson,Easy A
503,Sarette,Tokyo Twilight (Tôkyô boshoku)
504,Karissa,Home Run
505,Bree,Fake It So Real
506,Bria,Keane
507,Alard,All the Boys Love Mandy Lane
508,Alec,If I Had a Million
509,Donnajean,Planes
510,Somerset,Zulu
511,Joycelin,"Life is a Bed of Roses (Vie est un roman, La)"
512,Erinn,All the Boys Love Mandy Lane
513,Ruperta,Remonstrance
514,Kizzee,Alien Outpost
515,Armando,Wanderers
516,Hyacinthe,Praise
517,Serena,Mr. Popper's Penguins
518,Killian,Two Crimes (Dos crímenes)
519,Ramon,Bullet for a Badman (Renegade Posse)
520,Ricca,There's Always A Woman
521,Ambrosi,"Medallion, The"
522,Bartholomew,Senotaji
523,Elyssa,"Lost Thing, The"
524,Sher,Save the Last Dance 2
525,Liv,"Evil That Men Do, The"
526,Adena,Three Kings
527,Axel,Clueless
528,Garrott,"Fast and the Furious, The"
529,Ella,Kull the Conqueror
530,Benedicto,De nieuwe Wildernis
531,Finlay,Article 99
532,Shelley,Love and Sex under Nazi Occupation (Amour et sexe sous l'occupation) 
533,Lou,Eden
534,Killy,Cowboys & Aliens
535,Leland,"Aviator, The"
536,Christabel,Fear Over the City
537,Bonnee,Desperate Hours
538,Beau,Up in the Air
539,Bliss,"Stuff, The"
540,Ashil,Scrooge
541,Reuben,Kiss Them for Me
542,Rana,Hostile Witness
543,Mannie,The Violent Kind
544,Esra,Decampitated
545,Xenos,Believe Me
546,Rhett,"Sentinel, The"
547,Theodore,"Full Monty, The"
548,Luisa,Legend of the Guardians: The Owls of Ga'Hoole
549,Beale,Carnegie Hall
550,Clarence,"Atomic Brain, The"
551,Solly,"Affair of the Heart, An"
552,Laina,Bloodbrothers
553,Ezra,The Well
554,Birk,Hard to Kill
555,Colby,Hercules and the Circle of Fire
556,Harriette,"Onion Movie, The"
557,Brandais,Bad Boy (Dawg)
558,Horace,Closing the Ring
559,Fey,Arnold
560,Durand,Mater and the Ghostlight
561,Valene,Ju-on: Black Ghost
562,Kalina,"Broken Hearts Club, The"
563,Mame,This Is Spinal Tap
564,D'arcy,Adam's Rib
565,Juditha,Longtime Companion
566,Ilaire,M for Mother (Mim mesle madar)
567,Judie,"Twelve Tasks of Asterix, The (Les douze travaux d'Astérix)"
568,Gwendolin,"Titfield Thunderbolt, The"
569,Merilyn,Killer Condom (Kondom des Grauens)
570,Garner,It Felt Like Love
571,Boyce,Waiting to Exhale
572,Mellisa,Taboo (Gohatto)
573,Annecorinne,"Have Rocket, Will Travel"
574,Othilia,Bis zum Ellenbogen
575,Perle,Whatever It Takes
576,Taffy,Kiss or Kill
577,Tann,Battleship
578,Luce,"World Apart, A"
579,Judd,Morgan!
580,Uri,"Iron Mask, The"
581,Lenore,"Cat and the Canary, The"
582,Finn,Revenge of the Zombies
583,Chancey,Hellzapoppin'
584,Penelopa,Dark City
585,Gerhardine,Peking Opera Blues (Do ma daan)
586,Tally,Budrus
587,Rowena,The D.I.
588,Paula,Paranormal Activity 2
589,Elfrieda,It Started with Eve
590,Maryrose,My Life in Ruins
591,Merle,Chainsaw Maid
592,Calla,I Am Trying to Break Your Heart
593,Marge,Moscow on the Hudson
594,Rosalie,"Nightmare City (a.k.a. City of the Walking Dead) (a.k.a. Invasión de los zombies atómicos, La) (Incubo sulla città contaminata)"
595,Willie,"Guy and a Gal, A (En kille och en tjej)"
596,Isis,Ways to Live Forever
597,Michell,LOL
598,Myriam,Hype!
599,Dwayne,Just Friends
600,Samara,Ghost from the Machine (Phasma Ex Machina)
601,Carmelita,Planet Terror
602,Shea,"Day The Earth Froze, The (Sampo)"
603,Virgil,Rich Hill
604,Burr,American History X
605,Fonsie,All These Women (För att inte tala om alla dessa kvinnor)
606,Shannon,And Then There Was You
607,Alys,Kiki's Delivery Service (Majo no takkyûbin)
608,Gwenni,Transmorphers
609,Carilyn,"Abyss, The"
610,Bentlee,Get Rich or Die Tryin'
611,Jayme,Investigating Sex (a.k.a. Intimate Affairs)
612,Kristine,Fear
613,Dolores,King Solomon's Mines
614,Rudolfo,100 Feet
615,Marvin,Z
616,Sherwood,Widows' Peak
617,Raynard,Capote
618,Desdemona,"Grand, The"
619,Davin,Tattoo Nation
620,Marlyn,Buddies (Colegas)
621,Darcee,"Few Good Men, A"
622,Matias,Brothers: The Return
623,Conney,Bringing Up Bobby
624,Krista,Maniacts
625,Harald,"Fiendish Plot of Dr. Fu Manchu, The"
626,Wilone,Robocroc
627,Leanora,Taxidermia
628,Theda,Stardust Memories
629,Dreddy,Let's Do It Again
630,Tabatha,Melancholia
631,Rube,Richard Pryor Here and Now
632,Aldus,"Nightmare Castle (Amanti d'oltretomba) (Lovers from Beyond the Tomb) (Faceless Monster, The)"
633,Fleurette,Marjorie Morningstar
634,Worthington,"Avengers, The"
635,Dougy,Crimes of Fashion
636,Elonore,Monogamy 
637,Patricia,Mall
638,Conchita,"Client, The"
639,Evelyn,Mohabbatein
640,Alan,Phoebe in Wonderland
641,Teodor,Two Family House
642,Laurent,Dragonslayer
643,Mufinella,"Man Between, The"
644,Cristian,Rocket Gibraltar
645,Lindsay,Switching Goals
646,Editha,"Message from Akira Kurosawa: For Beautiful Movies, A (Kurosawa Akira kara no messêji: Utsukushii eiga o)"
647,Oralee,No Escape
648,Artair,Game of Death
649,Cara,Four Nights with Anna (Cztery noce z Anna)
650,Martelle,Mad Love
651,Elsy,Piranha
652,Curry,Gantz: Perfect Answer
653,Brent,Looking for Cheyenne (Oublier Cheyenne)
654,Marshall,Night Editor
655,Wilma,American Raspberry (Prime Time) (Funny America)
656,Jonathan,My Voyage to Italy (Il mio viaggio in Italia)
657,Koressa,Tungsten
658,Lenna,Puss in Boots (Nagagutsu o haita neko)
659,Ingra,Until Death
660,Geoff,Daisies (Sedmikrasky)
661,Riley,Late Bloomers
662,Emili,Terminator 3: Rise of the Machines
663,Hedy,Spider Forest (Geomi sup)
664,Wayland,"No Retreat, No Surrender 2: Raging Thunder"
665,Danica,Mona Lisa Smile
666,Eustacia,Cosmonaut (Cosmonauta)
667,Shellysheldon,I Married A Strange Person!
668,Maynard,We're Not Dressing
669,Helga,Fatso
670,Gerty,Gaby: A True Story
671,Godfry,Coupe de Ville
672,Herc,Curtis's Charm
673,Lynnette,"Eye of Vichy, The (Oeil de Vichy, L')"
674,Cortie,Cheap Thrills
675,Gar,Young Guns II
676,Lexine,Fury
677,Margy,Bleak Moments
678,Kaila,No Mercy (Yongseoneun Eupda)
679,Van,Spice World
680,Kate,Treasure of the Four Crowns
681,Lanny,All the Light in the Sky
682,Yance,Merantau
683,Solly,"Parallax View, The"
684,Jeri,Let the Bullets Fly
685,Micky,When the Road Bends: Tales of a Gypsy Caravan
686,York,Ascension
687,Hedda,Wild Zero
688,Lindie,Sudden Manhattan
689,Dinnie,Once a Thief (Zong heng si hai)
690,Charmain,"What's in a Name (Prénom, Le)"
691,Myles,"Irene, Go Home! (Irena do domu!)"
692,Kliment,Earthlings
693,Alonzo,Armed and Dangerous
694,Brandy,"Ballad of Little Jo, The"
695,Risa,Knockin' on Heaven's Door
696,Lorne,"Terror, The"
697,Jule,Seeing Other People
698,Brigham,Dead Rising: Watchtower
699,Cathyleen,"Trials of Henry Kissinger, The"
700,Odetta,The Magnificent Trio
701,Norrie,"Lady from Shanghai, The"
702,Abra,Deranged
703,Lorita,What About Bob?
704,Amabelle,Father of the Bride
705,Merci,"Stranger Within, The"
706,Doreen,Jack Brooks: Monster Slayer
707,Joyce,Sharknado
708,Cherin,Darkest Night
709,Sargent,Hellraiser: Hellseeker
710,Gnni,Achilles and the Tortoise (Akiresu to kame)
711,Floyd,Bickford Shmeckler's Cool Ideas
712,Wynny,Son of Lassie
713,Rosanne,Dr. Dolittle: Tail to the Chief
714,Lonee,Another Woman
715,Mallory,Phantom
716,Melisse,Free Zone
717,Hope,7th Floor
718,Emmet,After School Midnighters (Hôkago middonaitâzu)
719,Ardyth,Hatchet II
720,Rosina,Objectified
721,Eddi,"Rescuers, The"
722,Gustavo,Lights Out
723,Nessi,Bay of Blood (a.k.a. Twitch of the Death Nerve) (Reazione a catena)
724,Paige,"Double, The"
725,Colin,"Better Tomorrow III: Love and Death in Saigon, A"
726,Coriss,Push
727,Burton,Intersection
728,Olga,Lightning Bolt: The Power of Salad
729,Sonnie,"Tom, Dick and Harry"
730,Hershel,Imaginaerum
731,Jillene,Once My Mother
732,Georgy,Gods of the Plague (Götter der Pest)
733,Lilian,Weekender
734,Fayette,Only the Lonely
735,De witt,We Still Kill the Old Way
736,Packston,Kosmos
737,Norean,"Out-of-Towners, The"
738,Shamus,Thirty Seconds Over Tokyo
739,Othilie,"Defender, The (a.k.a. Bodyguard from Beijing, The) (Zhong Nan Hai bao biao)"
740,Danica,"Hundred and One Nights, A (Cent et une nuits de Simon Cinéma, Les)"
741,Quentin,Goodbye World
742,Nye,Glitter
743,Penny,Red Dust
744,Braden,Sideways
745,Alaster,Summer of '42
746,Robby,Heaven Is for Real
747,Evanne,My Brilliant Career
748,Magnum,"Contempt (Mépris, Le)"
749,Evelina,Blood Feast
750,Rene,Conspiracy
751,Rosemonde,Los Bandoleros
752,Juan,Just Buried
753,Shelli,Courageous
754,Welsh,Home Page
755,Terrence,Laid To Rest
756,Sally,Heart Condition
757,Jorry,The Horseplayer
758,Kimberlyn,Indian Summer (a.k.a. The Professor) (La prima notte di quiete)
759,Felic,"Newest Pledge, The"
760,Marta,"Hole in the Soul, A (Rupa u dusi)"
761,Stearn,Beyond Outrage
762,Ailbert,Stormbreaker (Alex Rider: Operation Stormbreaker)
763,Enrichetta,Red Eye
764,Phil,"Mummy, The"
765,Elisabetta,New Fist of Fury (Xin jing wu men)
766,Zebedee,Vehicle 19
767,Cristi,Mother Küsters Goes to Heaven (Mutter Küsters' Fahrt zum Himmel)
768,Jenni,The Flower in His Mouth
769,Kirby,Speaking Parts
770,Edwina,Jessabelle
771,Gloriane,Jack Frost
772,Nari,Lights in the Dusk (Laitakaupungin valot)
773,Carmelia,Jerry Springer: Ringmaster
774,Adelle,It Happens Every Spring
775,Avie,"Letter to Elia, A"
776,Ikey,Two Thousand Maniacs!
777,Dominik,Raid
778,Georgetta,Hotel
779,Rolando,"Ballad of Narayama, The (Narayama bushiko)"
780,Hirsch,Brides of Dracula
781,Obediah,Private Romeo
782,Ronald,"Look, Up in the Sky! The Amazing Story of Superman"
783,Margareta,"It's Not Me, I Swear! (C'est pas moi, je le jure!)"
784,Roselin,Kid Galahad
785,Joli,Hangar 18
786,Heda,Quiz Show
787,Wes,"Education of Little Tree, The"
788,Malory,Red Scorpion
789,Chane,Factory Girl
790,Ulrike,Saint Jack
791,Ernestine,Destiny (a.k.a. Between Two Worlds) (Der müde Tod)
792,Wenda,Upstairs and Downstairs
793,Hiram,"Ten Commandments, The"
794,Tammie,Carmen
795,Kimmi,Dominick and Eugene
796,Christoper,Casino Jack and the United States of Money
797,Maybelle,Rope
798,Darryl,Son of Flubber
799,Baldwin,Man of Aran
800,Waylon,Venus Wars (Venus Senki)
801,Leanna,Laputa: Castle in the Sky (Tenkû no shiro Rapyuta)
802,Ray,Daddy (Tato)
803,Jelene,Delhi-6
804,Delmar,SuperBabies: Baby Geniuses 2
805,Krystyna,Scream 3
806,Ginger,Escanaba in da Moonlight
807,Ann,Late Bloomers
808,Gusta,Marriage Material
809,Tine,Superbad
810,Willow,My Best Friend (Mon meilleur ami)
811,Howey,Company: Original Cast Album
812,Hildagarde,Chimes at Midnight (Campanadas a medianoche)
813,Obidiah,"Human Factor, The"
814,Gabe,Painted Skin
815,Vita,"Makioka Sisters, The (Sasame-yuki)"
816,Drake,Even Angels Eat Beans
817,Sabina,"Woman's Face, A (En kvinnas ansikte) "
818,Pernell,Dirty Girl
819,Debee,Jack the Bear
820,Gardiner,Oliver Twist
821,Bethina,"When I Grow Up, I'll Be a Kangaroo (Kad porastem bicu Kengur)"
822,Fonsie,Holiday
823,Gayle,Tribute
824,Rhea,"Artist, The (El Artista)"
825,Jerrine,"Castaway Cowboy, The"
826,Becca,When the Wind Blows
827,Linzy,"Mighty Heart, A"
828,Hyacintha,Children Shouldn't Play with Dead Things
829,Judye,"Girl by the Lake, The (La ragazza del lago)"
830,Debra,Gulliver's Travels
831,Bonny,"Client, The"
832,Felic,Black on White (Mustaa valkoisella)
833,Emmeline,Our Mother's House
834,Kimmy,"Dance Party, USA"
835,Maurizia,Pauline détective
836,Aurie,Mixed Nuts
837,Marnia,"Foul King, The (Banchikwang)"
838,Diego,"Free Will, The (Freie Wille, Der)"
839,Adel,Bang the Drum Slowly
840,Thelma,Sinbad: The Fifth Voyage
841,Heda,"Last of the Mohicans, The"
842,Franklin,"Last Trapper, The (Le dernier trappeur)"
843,Phyllys,Dear Jesse
844,Stinky,"Howling, The"
845,Denny,"Shine of Rainbows, A"
846,Esther,Newlyweds
847,Jessey,"Kiss, The"
848,Silvana,"Honey Pot, The"
849,Jarvis,"Girl on the Train, The (La fille du RER)"
850,Chrisy,District 13 (Banlieue 13)
851,Thor,Juwanna Mann
852,Isa,Stevie
853,Osgood,No One Writes to the Colonel (El coronel no tiene quien le escriba)
854,Adara,Eila
855,Susanna,"Sleepy Time Gal, The"
856,Wallache,"Double, The"
857,Dinny,"Paris, I Love You (Paris, je t'aime)"
858,Matt,Ping Pong Playa
859,Felipa,"Scorpion King 3: Battle for Redemption, The"
860,Quill,Unconscious (Inconscientes)
861,Baily,Faster Pussycat! Kill! Kill!
862,Darrel,Biloxi Blues
863,Nettle,Our Family Wedding
864,Alvis,"Cousins, The (Cousins, Les)"
865,Ricard,The Iron Commissioner
866,Tiffany,Print the Legend
867,Shep,Me and Morrison (Minä ja Morrison)
868,Jana,Darwin's Nightmare
869,Cecil,The Youngest Profession
870,Zenia,Jesse Stone: Benefit of the Doubt
871,Isabelita,One Direction: This Is Us
872,Mitch,Halloween II
873,Terrie,RocketMan (a.k.a. Rocket Man)
874,Anselma,"Captain Thunder (Capitán Trueno y el Santo Grial, El) (Prince Killian and the Holy Grail)"
875,Issy,When We Leave (Die Fremde)
876,Blancha,Night Tide
877,Gipsy,Our Little Differences (Die feinen Unterschiede)
878,Hayward,Beneath Hill 60
879,Corbet,Tess of the Storm Country
880,Uta,Pastoral Hide and Seek (Den-en ni shisu)
881,Sadye,"Other Woman, The"
882,Rebbecca,Dreams (Kvinnodröm)
883,Annaliese,Cloudburst
884,Zena,Home Alone 2: Lost in New York
885,Marlie,"Boxer, The"
886,Domeniga,"Cosmic Monster, The"
887,Cal,"Musketeers of Pig Alley, The"
888,Annabell,"Battered Bastards of Baseball, The"
889,Penrod,Dirty Ho (Lan tou He)
890,Guinevere,True Grit
891,Henka,Pretty Sweet
892,Maurene,Dirty Story
893,Goddard,Sasha (Sascha)
894,Randie,Gertie the Dinosaur
895,Rodolphe,Indiscreet
896,Portie,Zaat
897,Ketti,Divorce
898,Tomasina,Mysteries of Lisbon (Mistérios de Lisboa)
899,Malachi,An Apology to Elephants
900,Charita,How to Rob a Bank
901,Cosette,Grandma's Boy
902,Bird,Lucky
903,Ianthe,Sex & the Other Man
904,Land,"Naked Jungle, The"
905,Joaquin,Indiscretion of an American Wife (a.k.a. Terminal Station) (Stazione Termini)
906,Francklin,Riptide
907,Jaquith,"Kiss, The"
908,Reagan,Samson and Delilah
909,Adrian,Apache
910,Nadine,"Jodorowsky Constellation, The (La constellation Jodorowsky)"
911,Felicle,At the Earth's Core
912,Stuart,Loaded Weapon 1 (National Lampoon's Loaded Weapon 1)
913,Kellie,GoldenEye
914,Esteban,Thesis (Tesis)
915,Gerik,"Big Bang, The"
916,Imelda,"Pinochet Case, The (Cas Pinochet, Le)"
917,Ichabod,"American Tail, An"
918,Giacinta,Laura
919,Thaddeus,Age of Consent
920,Yovonnda,Skidoo
921,Cornie,Satan's Tango (Sátántangó)
922,Bentlee,Hard to Be a God
923,Ody,"Family Tree, The"
924,Isidora,Skin
925,Grier,"Puppet Masters, The"
926,Torrie,"Nightmare Castle (Amanti d'oltretomba) (Lovers from Beyond the Tomb) (Faceless Monster, The)"
927,Bellanca,Hated
928,Cecily,All the Colors of the Dark
929,Maxi,Crazy Kind of Love
930,Doug,Itinerary of a Spoiled Child
931,Alane,Hollow Triumph (a.k.a. The Scar)
932,Vivie,Coach Carter
933,Beck,"Gamers, The: Dorkness Rising"
934,Shani,More
935,Giacopo,Night and Fog (Nuit et brouillard)
936,Basia,Century
937,Netty,Jet Pilot
938,Velvet,Lust for Gold (Duhul aurului)
939,Florida,Portrait of Maria (María Candelaria (Xochimilco))
940,Leonie,Dudley Do-Right
941,Maribeth,Four Horsemen
942,Clareta,Siegfried & Roy: The Magic Box
943,Ardenia,Shark Skin Man and Peach Hip Girl (Samehada otoko to momojiri onna)
944,Curran,"Skin, Skin (Käpy selän alla)"
945,Sholom,Belle of the Nineties
946,Kiersten,Nobody Owns Me (Mig äger ingen)
947,Debbi,Dirty Harry
948,Maisie,Juice
949,Jeffrey,"Associate, The"
950,Abe,Sitting Bull
951,Quincy,Endless Love
952,Lin,Entr'acte
953,Arney,Day of the Outlaw
954,Vera,Chesty: A Tribute to a Legend
955,Jacklin,Age of Ice
956,Starlin,Born Yesterday
957,Kelci,Ernest Goes to Africa
958,Claribel,Aladin
959,Raychel,Eddie Izzard: Circle
960,Tobey,Black Water
961,Balduin,"Lake, A (Un lac)"
962,Felike,Foxes
963,Fayth,Slave Ship
964,Ray,Mongol
965,Ardine,Sinbad and the Eye of the Tiger
966,Deana,Jack Reacher
967,Tania,Che: Part Two
968,Giff,Good Burger
969,Carmela,Merry Madagascar
970,Karel,Family Plot
971,Philippe,Apocalypse Now
972,Bernadette,Who Killed Bambi? (Qui a tué Bambi?)
973,Ardys,Happiness Never Comes Alone (Un bonheur n'arrive jamais seul)
974,Stan,Return to Lonesome Dove
975,Agnella,West Point
976,Ty,Rebirth of Mothra
977,Faydra,Allan Quatermain and the Temple of Skulls
978,Jarid,As You Like It
979,Nichol,"Green Berets, The"
980,Anton,2:37
981,Chev,"Hunchback of Notre Dame, The"
982,Kass,"Wrong Man, The"
983,Idaline,"Statement, The"
984,Finn,"Deadly Tower, The"
985,Kellsie,Odgrobadogroba
986,Siusan,"Valley, The (Obscured by Clouds) (La vallée)"
987,Odell,PressPausePlay
988,Sigfrid,Rage
989,Derek,Ghost
990,Fanchon,Vice
991,Britni,"Intruder, The"
992,Ezechiel,"Stranger in Town, A"
993,Boot,Fixed Bayonets!
994,Teodor,Halloween: Resurrection (Halloween 8)
995,Shantee,Repast (Meshi)
996,Raoul,I Stand Alone (Seul contre tous)
997,Eugen,Advance to the Rear
998,David,Children Shouldn't Play with Dead Things
999,Neale,Secret of the Wings
1000,Herby,In My Sleep
